[{
    "key": "266",
    "name": "暗裔剑魔",
    "title": "亚托克斯"
},
{
    "key": "103",
    "name": "九尾妖狐",
    "title": "阿狸"
},
{
    "key": "84",
    "name": "离群之刺",
    "title": "阿卡丽"
},
{
    "key": "166",
    "name": "影哨",
    "title": "阿克尚"
},
{
    "key": "12",
    "name": "牛头酋长",
    "title": "阿利斯塔"
},
{
    "key": "32",
    "name": "殇之木乃伊",
    "title": "阿木木"
},
{
    "key": "34",
    "name": "冰晶凤凰",
    "title": "艾尼维亚"
},
{
    "key": "1",
    "name": "黑暗之女",
    "title": "安妮"
},
{
    "key": "523",
    "name": "残月之肃",
    "title": "厄斐琉斯"
},
{
    "key": "22",
    "name": "寒冰射手",
    "title": "艾希"
},
{
    "key": "136",
    "name": "铸星龙王",
    "title": "奥瑞利安·索尔"
},
{
    "key": "268",
    "name": "沙漠皇帝",
    "title": "阿兹尔"
},
{
    "key": "432",
    "name": "星界游神",
    "title": "巴德"
},
{
    "key": "200",
    "name": "虚空女皇",
    "title": "卑尔维斯"
},
{
    "key": "53",
    "name": "蒸汽机器人",
    "title": "布里茨"
},
{
    "key": "63",
    "name": "复仇焰魂",
    "title": "布兰德"
},
{
    "key": "201",
    "name": "弗雷尔卓德之心",
    "title": "布隆"
},
{
    "key": "233",
    "name": "狂厄蔷薇",
    "title": "贝蕾亚"
},
{
    "key": "51",
    "name": "皮城女警",
    "title": "凯特琳"
},
{
    "key": "164",
    "name": "青钢影",
    "title": "卡蜜尔"
},
{
    "key": "69",
    "name": "魔蛇之拥",
    "title": "卡西奥佩娅"
},
{
    "key": "31",
    "name": "虚空恐惧",
    "title": "科加斯"
},
{
    "key": "42",
    "name": "英勇投弹手",
    "title": "库奇"
},
{
    "key": "122",
    "name": "诺克萨斯之手",
    "title": "德莱厄斯"
},
{
    "key": "131",
    "name": "皎月女神",
    "title": "黛安娜"
},
{
    "key": "119",
    "name": "荣耀行刑官",
    "title": "德莱文"
},
{
    "key": "36",
    "name": "祖安狂人",
    "title": "蒙多医生"
},
{
    "key": "245",
    "name": "时间刺客",
    "title": "艾克"
},
{
    "key": "60",
    "name": "蜘蛛女皇",
    "title": "伊莉丝"
},
{
    "key": "28",
    "name": "痛苦之拥",
    "title": "伊芙琳"
},
{
    "key": "81",
    "name": "探险家",
    "title": "伊泽瑞尔"
},
{
    "key": "9",
    "name": "远古恐惧",
    "title": "费德提克"
},
{
    "key": "114",
    "name": "无双剑姬",
    "title": "菲奥娜"
},
{
    "key": "105",
    "name": "潮汐海灵",
    "title": "菲兹"
},
{

    "key": "3",
    "name": "正义巨像",
    "title": "加里奥"
},
{

    "key": "41",
    "name": "海洋之灾",
    "title": "普朗克"
},
{

    "key": "86",
    "name": "德玛西亚之力",
    "title": "盖伦"
}, {

    "key": "150",
    "name": "迷失之牙",
    "title": "纳尔"
},
{

    "key": "79",
    "name": "酒桶",
    "title": "古拉加斯"
},
{

    "key": "104",
    "name": "法外狂徒",
    "title": "格雷福斯"
},
{

    "key": "887",
    "name": "灵罗娃娃",
    "title": "格温"
},
{

    "key": "120",
    "name": "战争之影",
    "title": "赫卡里姆"
},
{

    "key": "74",
    "name": "大发明家",
    "title": "黑默丁格"
},
{

    "key": "910",
    "name": "异画师",
    "title": "彗"
},
{

    "key": "420",
    "name": "海兽祭司",
    "title": "俄洛伊"
},
{

    "key": "39",
    "name": "刀锋舞者",
    "title": "艾瑞莉娅"
},
{
    "key": "427",
    "name": "翠神",
    "title": "艾翁"
},
{

    "key": "40",
    "name": "风暴之怒",
    "title": "迦娜"
},
{
    "key": "59",
    "name": "德玛西亚皇子",
    "title": "嘉文四世"
},
{

    "key": "24",
    "name": "武器大师",
    "title": "贾克斯"
},
{

    "key": "126",
    "name": "未来守护者",
    "title": "杰斯"
},
{

    "key": "202",
    "name": "戏命师",
    "title": "烬"
},
{

    "key": "222",
    "name": "暴走萝莉",
    "title": "金克丝"
},
{

    "key": "145",
    "name": "虚空之女",
    "title": "卡莎"
},
{

    "key": "429",
    "name": "复仇之矛",
    "title": "卡莉丝塔"
},
{

    "key": "43",
    "name": "天启者",
    "title": "卡尔玛"
},
{

    "key": "30",
    "name": "死亡颂唱者",
    "title": "卡尔萨斯"

},
{

    "key": "38",
    "name": "虚空行者",
    "title": "卡萨丁"
},
{

    "key": "55",
    "name": "不祥之刃",
    "title": "卡特琳娜"
},
{

    "key": "10",
    "name": "正义天使",
    "title": "凯尔"
},
{

    "key": "141",
    "name": "影流之镰",
    "title": "凯隐"
},
{

    "key": "85",
    "name": "狂暴之心",
    "title": "凯南"

},
{

    "key": "121",
    "name": "虚空掠夺者",
    "title": "卡兹克"
},
{

    "key": "203",
    "name": "永猎双子",
    "title": "千珏"
},
{

    "key": "240",
    "name": "暴怒骑士",
    "title": "克烈"
},
{

    "key": "96",
    "name": "深渊巨口",
    "title": "克格莫"
},
{

    "key": "897",
    "name": "纳祖芒荣耀",
    "title": "奎桑提"
},
{

    "key": "7",
    "name": "诡术妖姬",
    "title": "乐芙兰"
},
{

    "key": "64",
    "name": "盲僧",
    "title": "李青"
},
{

    "key": "89",
    "name": "曙光女神",
    "title": "蕾欧娜"
},
{

    "key": "876",
    "name": "含羞蓓蕾",
    "title": "莉莉娅"
},
{

    "key": "127",
    "name": "冰霜女巫",
    "title": "丽桑卓"
},
{

    "key": "236",
    "name": "圣枪游侠",
    "title": "卢锡安"
},
{

    "key": "117",
    "name": "仙灵女巫",
    "title": "璐璐"
},
{

    "key": "99",
    "name": "光辉女郎",
    "title": "拉克丝"
},
{

    "key": "54",
    "name": "熔岩巨兽",
    "title": "墨菲特"
},
{

    "key": "90",
    "name": "虚空先知",
    "title": "玛尔扎哈"
},
{

    "key": "57",
    "name": "扭曲树精",
    "title": "茂凯"
},
{

    "key": "11",
    "name": "无极剑圣",
    "title": "易"
},
{

    "key": "902",
    "name": "明烛",
    "title": "米利欧"
},
{

    "key": "21",
    "name": "赏金猎人",
    "title": "厄运小姐"
},
{

    "key": "62",
    "name": "齐天大圣",
    "title": "孙悟空"
},
{

    "key": "82",
    "name": "铁铠冥魂",
    "title": "莫德凯撒"
}, {

    "key": "25",
    "name": "堕落天使",
    "title": "莫甘娜"
}, {

    "key": "950",
    "name": "百裂冥犬",
    "title": "纳亚菲利"
}, {

    "key": "267",
    "name": "唤潮鲛姬",
    "title": "娜美"
}, {

    "key": "75",
    "name": "沙漠死神",
    "title": "内瑟斯"
}, {

    "key": "111",
    "name": "深海泰坦",
    "title": "诺提勒斯"
}, {

    "key": "518",
    "name": "万花通灵",
    "title": "妮蔻"
}, {

    "key": "76",
    "name": "狂野女猎手",
    "title": "奈德丽"
}, {

    "key": "895",
    "name": "不羁之悦",
    "title": "尼菈"
}, {

    "key": "56",
    "name": "永恒梦魇",
    "title": "魔腾"
}, {

    "key": "20",
    "name": "雪原双子",
    "title": "努努和威朗普"
}, {

    "key": "2",
    "name": "狂战士",
    "title": "奥拉夫"
}, {

    "key": "61",
    "name": "发条魔灵",
    "title": "奥莉安娜"
}, {

    "key": "516",
    "name": "山隐之焰",
    "title": "奥恩"
},
{

    "key": "80",
    "name": "不屈之枪",
    "title": "潘森"
},
{

    "key": "78",
    "name": "圣锤之毅",
    "title": "波比"
},
{

    "key": "555",
    "name": "血港鬼影",
    "title": "派克"
},
{

    "key": "246",
    "name": "元素女皇",
    "title": "奇亚娜"
},
{

    "key": "133",
    "name": "德玛西亚之翼",
    "title": "奎因"
},
{

    "key": "497",
    "name": "幻翎",
    "title": "洛"
},
{

    "key": "33",
    "name": "披甲龙龟",
    "title": "拉莫斯"
},
{

    "key": "421",
    "name": "虚空遁地兽",
    "title": "雷克塞"
},
{

    "key": "526",
    "name": "镕铁少女",
    "title": "芮尔"
},
{

    "key": "888",
    "name": "炼金男爵",
    "title": "烈娜塔 · 戈拉斯克"
},
{

    "key": "58",
    "name": "荒漠屠夫",
    "title": "雷克顿"
},
{

    "key": "107",
    "name": "傲之追猎者",
    "title": "雷恩加尔"
},
{

    "key": "92",
    "name": "放逐之刃",
    "title": "锐雯"
},
{

    "key": "68",
    "name": "机械公敌",
    "title": "兰博"
},
{

    "key": "13",
    "name": "符文法师",
    "title": "瑞兹"
},
{

    "key": "360",
    "name": "沙漠玫瑰",
    "title": "莎弥拉"
},
{

    "key": "113",
    "name": "北地之怒",
    "title": "瑟庄妮"
},
{

    "key": "235",
    "name": "涤魂圣枪",
    "title": "赛娜"
},
{

    "key": "147",
    "name": "星籁歌姬",
    "title": "萨勒芬妮"
},
{

    "key": "875",
    "name": "腕豪",
    "title": "瑟提"
},
{

    "key": "35",
    "name": "恶魔小丑",
    "title": "萨科"
},
{

    "key": "98",
    "name": "暮光之眼",
    "title": "慎"
},
{

    "key": "102",
    "name": "龙血武姬",
    "title": "希瓦娜"
},
{

    "key": "27",
    "name": "炼金术士",
    "title": "辛吉德"
},
{

    "key": "14",
    "name": "亡灵战神",
    "title": "赛恩"
},
{

    "key": "15",
    "name": "战争女神",
    "title": "希维尔"
},
{

    "key": "72",
    "name": "上古领主",
    "title": "斯卡纳"
},
{

    "key": "901",
    "name": "炽炎雏龙",
    "title": "斯莫德"
},
{

    "key": "37",
    "name": "琴瑟仙女",
    "title": "娑娜"
},
{

    "key": "16",
    "name": "众星之子",
    "title": "索拉卡"
},
{

    "key": "50",
    "name": "诺克萨斯统领",
    "title": "斯维因"
},
{

    "key": "517",
    "name": "解脱者",
    "title": "塞拉斯"
},
{

    "key": "134",
    "name": "暗黑元首",
    "title": "辛德拉"
},
{

    "key": "223",
    "name": "河流之王",
    "title": "塔姆"
},
{

    "key": "163",
    "name": "岩雀",
    "title": "塔莉垭"
},
{

    "key": "91",
    "name": "刀锋之影",
    "title": "泰隆"
},
{

    "key": "44",
    "name": "瓦洛兰之盾",
    "title": "塔里克"
},
{

    "key": "17",
    "name": "迅捷斥候",
    "title": "提莫"
},
{

    "key": "412",
    "name": "魂锁典狱长",
    "title": "锤石"
},
{

    "key": "18",
    "name": "麦林炮手",
    "title": "崔丝塔娜"
},
{

    "key": "48",
    "name": "巨魔之王",
    "title": "特朗德尔"
},
{

    "key": "23",
    "name": "蛮族之王",
    "title": "泰达米尔"
},
{

    "key": "4",
    "name": "卡牌大师",
    "title": "崔斯特"
},
{

    "key": "29",
    "name": "瘟疫之源",
    "title": "图奇"
},
{

    "key": "77",
    "name": "兽灵行者",
    "title": "乌迪尔"
},
{

    "key": "6",
    "name": "无畏战车",
    "title": "厄加特"
},
{

    "key": "110",
    "name": "惩戒之箭",
    "title": "韦鲁斯"
},
{

    "key": "67",
    "name": "暗夜猎手",
    "title": "薇恩"
},
{

    "key": "45",
    "name": "邪恶小法师",
    "title": "维迦"
},
{

    "key": "161",
    "name": "虚空之眼",
    "title": "维克兹"
},
{

    "key": "711",
    "name": "愁云使者",
    "title": "薇古丝"

},
{

    "key": "254",
    "name": "皮城执法官",
    "title": "蔚"
},
{

    "key": "234",
    "name": "破败之王",
    "title": "佛耶戈"
},
{

    "key": "112",
    "name": "机械先驱",
    "title": "维克托"
},
{

    "key": "8",
    "name": "猩红收割者",
    "title": "弗拉基米尔"
},
{

    "key": "106",
    "name": "不灭狂雷",
    "title": "沃利贝尔"
},
{

    "key": "19",
    "name": "祖安怒兽",
    "title": "沃里克"
},
{

    "key": "498",
    "name": "逆羽",
    "title": "霞"
},
{

    "key": "101",
    "name": "远古巫灵",
    "title": "泽拉斯"
},
{

    "key": "5",
    "name": "德邦总管",
    "title": "赵信"
},
{

    "key": "157",
    "name": "疾风剑豪",
    "title": "亚索"
},
{

    "key": "777",
    "name": "封魔剑魂",
    "title": "永恩"
},
{

    "key": "83",
    "name": "牧魂人",
    "title": "约里克"
},
{

    "key": "350",
    "name": "魔法猫咪",
    "title": "悠米"
},
{

    "key": "154",
    "name": "生化魔人",
    "title": "扎克"
},
{

    "key": "238",
    "name": "影流之主",
    "title": "劫"
},
{

    "key": "221",
    "name": "祖安花火",
    "title": "泽丽"
},
{

    "key": "115",
    "name": "爆破鬼才",
    "title": "吉格斯"
},
{

    "key": "26",
    "name": "时光守护者",
    "title": "基兰"
},
{

    "key": "142",
    "name": "暮光星灵",
    "title": "佐伊"
},
{

    "key": "143",
    "name": "荆棘之兴",
    "title": "婕拉"
}
]